[
{
    "model": "admin.logentry",
    "pk": 1,
    "fields": {
        "action_time": "2025-03-11T20:11:51.092Z",
        "user": 1,
        "content_type": 8,
        "object_id": "1",
        "object_repr": "FooterInfo object (1)",
        "action_flag": 1,
        "change_message": "[{\"added\": {}}]"
    }
},
{
    "model": "admin.logentry",
    "pk": 2,
    "fields": {
        "action_time": "2025-03-11T20:13:49.950Z",
        "user": 1,
        "content_type": 6,
        "object_id": "1",
        "object_repr": "Fruits",
        "action_flag": 1,
        "change_message": "[{\"added\": {}}, {\"added\": {\"name\": \"product\", \"object\": \"Product object (1)\"}}, {\"added\": {\"name\": \"product\", \"object\": \"Product object (2)\"}}, {\"added\": {\"name\": \"product\", \"object\": \"Product object (3)\"}}]"
    }
},
{
    "model": "admin.logentry",
    "pk": 3,
    "fields": {
        "action_time": "2025-03-11T20:14:23.453Z",
        "user": 1,
        "content_type": 6,
        "object_id": "2",
        "object_repr": "All",
        "action_flag": 1,
        "change_message": "[{\"added\": {}}]"
    }
},
{
    "model": "admin.logentry",
    "pk": 4,
    "fields": {
        "action_time": "2025-03-11T20:16:12.144Z",
        "user": 1,
        "content_type": 6,
        "object_id": "3",
        "object_repr": "Vegetables",
        "action_flag": 1,
        "change_message": "[{\"added\": {}}, {\"added\": {\"name\": \"product\", \"object\": \"Product object (4)\"}}, {\"added\": {\"name\": \"product\", \"object\": \"Product object (5)\"}}, {\"added\": {\"name\": \"product\", \"object\": \"Product object (6)\"}}, {\"added\": {\"name\": \"product\", \"object\": \"Product object (7)\"}}, {\"added\": {\"name\": \"product\", \"object\": \"Product object (8)\"}}]"
    }
},
{
    "model": "admin.logentry",
    "pk": 5,
    "fields": {
        "action_time": "2025-03-11T20:16:28.741Z",
        "user": 1,
        "content_type": 6,
        "object_id": "4",
        "object_repr": "Berries",
        "action_flag": 1,
        "change_message": "[{\"added\": {}}, {\"added\": {\"name\": \"product\", \"object\": \"Product object (9)\"}}]"
    }
},
{
    "model": "admin.logentry",
    "pk": 6,
    "fields": {
        "action_time": "2025-03-11T20:19:18.242Z",
        "user": 1,
        "content_type": 6,
        "object_id": "2",
        "object_repr": "All",
        "action_flag": 2,
        "change_message": "[]"
    }
},
{
    "model": "admin.logentry",
    "pk": 7,
    "fields": {
        "action_time": "2025-03-14T10:02:04.076Z",
        "user": 1,
        "content_type": 6,
        "object_id": "2",
        "object_repr": "All",
        "action_flag": 2,
        "change_message": "[{\"changed\": {\"fields\": [\"Sort\"]}}]"
    }
},
{
    "model": "admin.logentry",
    "pk": 8,
    "fields": {
        "action_time": "2025-03-14T10:31:33.541Z",
        "user": 1,
        "content_type": 6,
        "object_id": "2",
        "object_repr": "All",
        "action_flag": 3,
        "change_message": ""
    }
},
{
    "model": "admin.logentry",
    "pk": 9,
    "fields": {
        "action_time": "2025-03-14T10:31:48.250Z",
        "user": 1,
        "content_type": 6,
        "object_id": "4",
        "object_repr": "Berries",
        "action_flag": 2,
        "change_message": "[{\"changed\": {\"name\": \"product\", \"object\": \"Product object (9)\", \"fields\": [\"Is visible\"]}}]"
    }
},
{
    "model": "admin.logentry",
    "pk": 10,
    "fields": {
        "action_time": "2025-03-14T10:34:10.530Z",
        "user": 1,
        "content_type": 6,
        "object_id": "5",
        "object_repr": "Bread",
        "action_flag": 1,
        "change_message": "[{\"added\": {}}, {\"added\": {\"name\": \"product\", \"object\": \"Product object (10)\"}}]"
    }
},
{
    "model": "admin.logentry",
    "pk": 11,
    "fields": {
        "action_time": "2025-03-14T10:34:48.781Z",
        "user": 1,
        "content_type": 6,
        "object_id": "5",
        "object_repr": "Bread",
        "action_flag": 2,
        "change_message": "[{\"changed\": {\"name\": \"product\", \"object\": \"Product object (10)\", \"fields\": [\"Is visible\"]}}]"
    }
},
{
    "model": "admin.logentry",
    "pk": 12,
    "fields": {
        "action_time": "2025-03-19T00:39:47.275Z",
        "user": 1,
        "content_type": 16,
        "object_id": "1",
        "object_repr": "Order 1 - newcrut",
        "action_flag": 3,
        "change_message": ""
    }
},
{
    "model": "admin.logentry",
    "pk": 13,
    "fields": {
        "action_time": "2025-03-19T12:48:22.812Z",
        "user": 1,
        "content_type": 3,
        "object_id": "1",
        "object_repr": "manager",
        "action_flag": 1,
        "change_message": "[{\"added\": {}}]"
    }
},
{
    "model": "admin.logentry",
    "pk": 14,
    "fields": {
        "action_time": "2025-03-26T21:13:56.846Z",
        "user": 1,
        "content_type": 8,
        "object_id": "1",
        "object_repr": "FooterInfo object (1)",
        "action_flag": 2,
        "change_message": "[{\"changed\": {\"fields\": [\"Like info\", \"Wishlist\", \"Order history\", \"International order\"]}}]"
    }
},
{
    "model": "admin.logentry",
    "pk": 15,
    "fields": {
        "action_time": "2025-03-26T22:18:08.652Z",
        "user": 1,
        "content_type": 18,
        "object_id": "1",
        "object_repr": "Cabbage (5)",
        "action_flag": 1,
        "change_message": "[{\"added\": {}}]"
    }
},
{
    "model": "admin.logentry",
    "pk": 16,
    "fields": {
        "action_time": "2025-03-26T22:22:38.780Z",
        "user": 1,
        "content_type": 18,
        "object_id": "1",
        "object_repr": "Cabbage (5)",
        "action_flag": 3,
        "change_message": ""
    }
},
{
    "model": "admin.logentry",
    "pk": 17,
    "fields": {
        "action_time": "2025-03-27T16:01:31.747Z",
        "user": 1,
        "content_type": 8,
        "object_id": "1",
        "object_repr": "FooterInfo object (1)",
        "action_flag": 2,
        "change_message": "[{\"changed\": {\"fields\": [\"Like info more\", \"About us\", \"Contact us\", \"Privacy policy\", \"Terms and conditions\", \"Return policy\", \"Faqs and help\"]}}]"
    }
},
{
    "model": "admin.logentry",
    "pk": 18,
    "fields": {
        "action_time": "2025-03-27T16:12:36.388Z",
        "user": 1,
        "content_type": 6,
        "object_id": "5",
        "object_repr": "Bread",
        "action_flag": 2,
        "change_message": "[{\"changed\": {\"name\": \"product\", \"object\": \"Product object (10)\", \"fields\": [\"Detailed description\"]}}]"
    }
},
{
    "model": "admin.logentry",
    "pk": 19,
    "fields": {
        "action_time": "2025-03-27T16:12:55.655Z",
        "user": 1,
        "content_type": 6,
        "object_id": "4",
        "object_repr": "Berries",
        "action_flag": 2,
        "change_message": "[{\"changed\": {\"fields\": [\"Photo\"]}}, {\"changed\": {\"name\": \"product\", \"object\": \"Product object (9)\", \"fields\": [\"Detailed description\"]}}]"
    }
},
{
    "model": "admin.logentry",
    "pk": 20,
    "fields": {
        "action_time": "2025-03-27T16:13:30.084Z",
        "user": 1,
        "content_type": 6,
        "object_id": "3",
        "object_repr": "Vegetables",
        "action_flag": 2,
        "change_message": "[{\"changed\": {\"fields\": [\"Photo\"]}}, {\"changed\": {\"name\": \"product\", \"object\": \"Product object (8)\", \"fields\": [\"Detailed description\"]}}, {\"changed\": {\"name\": \"product\", \"object\": \"Product object (5)\", \"fields\": [\"Detailed description\"]}}, {\"changed\": {\"name\": \"product\", \"object\": \"Product object (6)\", \"fields\": [\"Detailed description\"]}}, {\"changed\": {\"name\": \"product\", \"object\": \"Product object (7)\", \"fields\": [\"Detailed description\"]}}, {\"changed\": {\"name\": \"product\", \"object\": \"Product object (4)\", \"fields\": [\"Detailed description\"]}}]"
    }
},
{
    "model": "admin.logentry",
    "pk": 21,
    "fields": {
        "action_time": "2025-03-27T16:13:49.536Z",
        "user": 1,
        "content_type": 6,
        "object_id": "1",
        "object_repr": "Fruits",
        "action_flag": 2,
        "change_message": "[{\"changed\": {\"fields\": [\"Photo\"]}}, {\"changed\": {\"name\": \"product\", \"object\": \"Product object (2)\", \"fields\": [\"Detailed description\"]}}, {\"changed\": {\"name\": \"product\", \"object\": \"Product object (1)\", \"fields\": [\"Detailed description\"]}}, {\"changed\": {\"name\": \"product\", \"object\": \"Product object (3)\", \"fields\": [\"Detailed description\"]}}]"
    }
},
{
    "model": "admin.logentry",
    "pk": 22,
    "fields": {
        "action_time": "2025-03-27T16:31:02.989Z",
        "user": 1,
        "content_type": 6,
        "object_id": "5",
        "object_repr": "Bread",
        "action_flag": 2,
        "change_message": "[{\"changed\": {\"fields\": [\"Photo\"]}}]"
    }
},
{
    "model": "auth.permission",
    "pk": 1,
    "fields": {
        "name": "Can add log entry",
        "content_type": 1,
        "codename": "add_logentry"
    }
},
{
    "model": "auth.permission",
    "pk": 2,
    "fields": {
        "name": "Can change log entry",
        "content_type": 1,
        "codename": "change_logentry"
    }
},
{
    "model": "auth.permission",
    "pk": 3,
    "fields": {
        "name": "Can delete log entry",
        "content_type": 1,
        "codename": "delete_logentry"
    }
},
{
    "model": "auth.permission",
    "pk": 4,
    "fields": {
        "name": "Can view log entry",
        "content_type": 1,
        "codename": "view_logentry"
    }
},
{
    "model": "auth.permission",
    "pk": 5,
    "fields": {
        "name": "Can add permission",
        "content_type": 2,
        "codename": "add_permission"
    }
},
{
    "model": "auth.permission",
    "pk": 6,
    "fields": {
        "name": "Can change permission",
        "content_type": 2,
        "codename": "change_permission"
    }
},
{
    "model": "auth.permission",
    "pk": 7,
    "fields": {
        "name": "Can delete permission",
        "content_type": 2,
        "codename": "delete_permission"
    }
},
{
    "model": "auth.permission",
    "pk": 8,
    "fields": {
        "name": "Can view permission",
        "content_type": 2,
        "codename": "view_permission"
    }
},
{
    "model": "auth.permission",
    "pk": 9,
    "fields": {
        "name": "Can add group",
        "content_type": 3,
        "codename": "add_group"
    }
},
{
    "model": "auth.permission",
    "pk": 10,
    "fields": {
        "name": "Can change group",
        "content_type": 3,
        "codename": "change_group"
    }
},
{
    "model": "auth.permission",
    "pk": 11,
    "fields": {
        "name": "Can delete group",
        "content_type": 3,
        "codename": "delete_group"
    }
},
{
    "model": "auth.permission",
    "pk": 12,
    "fields": {
        "name": "Can view group",
        "content_type": 3,
        "codename": "view_group"
    }
},
{
    "model": "auth.permission",
    "pk": 13,
    "fields": {
        "name": "Can add content type",
        "content_type": 4,
        "codename": "add_contenttype"
    }
},
{
    "model": "auth.permission",
    "pk": 14,
    "fields": {
        "name": "Can change content type",
        "content_type": 4,
        "codename": "change_contenttype"
    }
},
{
    "model": "auth.permission",
    "pk": 15,
    "fields": {
        "name": "Can delete content type",
        "content_type": 4,
        "codename": "delete_contenttype"
    }
},
{
    "model": "auth.permission",
    "pk": 16,
    "fields": {
        "name": "Can view content type",
        "content_type": 4,
        "codename": "view_contenttype"
    }
},
{
    "model": "auth.permission",
    "pk": 17,
    "fields": {
        "name": "Can add session",
        "content_type": 5,
        "codename": "add_session"
    }
},
{
    "model": "auth.permission",
    "pk": 18,
    "fields": {
        "name": "Can change session",
        "content_type": 5,
        "codename": "change_session"
    }
},
{
    "model": "auth.permission",
    "pk": 19,
    "fields": {
        "name": "Can delete session",
        "content_type": 5,
        "codename": "delete_session"
    }
},
{
    "model": "auth.permission",
    "pk": 20,
    "fields": {
        "name": "Can view session",
        "content_type": 5,
        "codename": "view_session"
    }
},
{
    "model": "auth.permission",
    "pk": 21,
    "fields": {
        "name": "Can add category",
        "content_type": 6,
        "codename": "add_category"
    }
},
{
    "model": "auth.permission",
    "pk": 22,
    "fields": {
        "name": "Can change category",
        "content_type": 6,
        "codename": "change_category"
    }
},
{
    "model": "auth.permission",
    "pk": 23,
    "fields": {
        "name": "Can delete category",
        "content_type": 6,
        "codename": "delete_category"
    }
},
{
    "model": "auth.permission",
    "pk": 24,
    "fields": {
        "name": "Can view category",
        "content_type": 6,
        "codename": "view_category"
    }
},
{
    "model": "auth.permission",
    "pk": 25,
    "fields": {
        "name": "Can add product",
        "content_type": 7,
        "codename": "add_product"
    }
},
{
    "model": "auth.permission",
    "pk": 26,
    "fields": {
        "name": "Can change product",
        "content_type": 7,
        "codename": "change_product"
    }
},
{
    "model": "auth.permission",
    "pk": 27,
    "fields": {
        "name": "Can delete product",
        "content_type": 7,
        "codename": "delete_product"
    }
},
{
    "model": "auth.permission",
    "pk": 28,
    "fields": {
        "name": "Can view product",
        "content_type": 7,
        "codename": "view_product"
    }
},
{
    "model": "auth.permission",
    "pk": 29,
    "fields": {
        "name": "Can add footer info",
        "content_type": 8,
        "codename": "add_footerinfo"
    }
},
{
    "model": "auth.permission",
    "pk": 30,
    "fields": {
        "name": "Can change footer info",
        "content_type": 8,
        "codename": "change_footerinfo"
    }
},
{
    "model": "auth.permission",
    "pk": 31,
    "fields": {
        "name": "Can delete footer info",
        "content_type": 8,
        "codename": "delete_footerinfo"
    }
},
{
    "model": "auth.permission",
    "pk": 32,
    "fields": {
        "name": "Can view footer info",
        "content_type": 8,
        "codename": "view_footerinfo"
    }
},
{
    "model": "auth.permission",
    "pk": 33,
    "fields": {
        "name": "Can add feedback",
        "content_type": 9,
        "codename": "add_feedback"
    }
},
{
    "model": "auth.permission",
    "pk": 34,
    "fields": {
        "name": "Can change feedback",
        "content_type": 9,
        "codename": "change_feedback"
    }
},
{
    "model": "auth.permission",
    "pk": 35,
    "fields": {
        "name": "Can delete feedback",
        "content_type": 9,
        "codename": "delete_feedback"
    }
},
{
    "model": "auth.permission",
    "pk": 36,
    "fields": {
        "name": "Can view feedback",
        "content_type": 9,
        "codename": "view_feedback"
    }
},
{
    "model": "auth.permission",
    "pk": 37,
    "fields": {
        "name": "Can add user",
        "content_type": 10,
        "codename": "add_customuser"
    }
},
{
    "model": "auth.permission",
    "pk": 38,
    "fields": {
        "name": "Can change user",
        "content_type": 10,
        "codename": "change_customuser"
    }
},
{
    "model": "auth.permission",
    "pk": 39,
    "fields": {
        "name": "Can delete user",
        "content_type": 10,
        "codename": "delete_customuser"
    }
},
{
    "model": "auth.permission",
    "pk": 40,
    "fields": {
        "name": "Can view user",
        "content_type": 10,
        "codename": "view_customuser"
    }
},
{
    "model": "auth.permission",
    "pk": 41,
    "fields": {
        "name": "Can add chosen product",
        "content_type": 11,
        "codename": "add_chosenproduct"
    }
},
{
    "model": "auth.permission",
    "pk": 42,
    "fields": {
        "name": "Can change chosen product",
        "content_type": 11,
        "codename": "change_chosenproduct"
    }
},
{
    "model": "auth.permission",
    "pk": 43,
    "fields": {
        "name": "Can delete chosen product",
        "content_type": 11,
        "codename": "delete_chosenproduct"
    }
},
{
    "model": "auth.permission",
    "pk": 44,
    "fields": {
        "name": "Can view chosen product",
        "content_type": 11,
        "codename": "view_chosenproduct"
    }
},
{
    "model": "auth.permission",
    "pk": 45,
    "fields": {
        "name": "Can add testimonial",
        "content_type": 12,
        "codename": "add_testimonial"
    }
},
{
    "model": "auth.permission",
    "pk": 46,
    "fields": {
        "name": "Can change testimonial",
        "content_type": 12,
        "codename": "change_testimonial"
    }
},
{
    "model": "auth.permission",
    "pk": 47,
    "fields": {
        "name": "Can delete testimonial",
        "content_type": 12,
        "codename": "delete_testimonial"
    }
},
{
    "model": "auth.permission",
    "pk": 48,
    "fields": {
        "name": "Can view testimonial",
        "content_type": 12,
        "codename": "view_testimonial"
    }
},
{
    "model": "auth.permission",
    "pk": 49,
    "fields": {
        "name": "Can add testimonial",
        "content_type": 13,
        "codename": "add_testimonial"
    }
},
{
    "model": "auth.permission",
    "pk": 50,
    "fields": {
        "name": "Can change testimonial",
        "content_type": 13,
        "codename": "change_testimonial"
    }
},
{
    "model": "auth.permission",
    "pk": 51,
    "fields": {
        "name": "Can delete testimonial",
        "content_type": 13,
        "codename": "delete_testimonial"
    }
},
{
    "model": "auth.permission",
    "pk": 52,
    "fields": {
        "name": "Can view testimonial",
        "content_type": 13,
        "codename": "view_testimonial"
    }
},
{
    "model": "auth.permission",
    "pk": 53,
    "fields": {
        "name": "Can add country",
        "content_type": 14,
        "codename": "add_country"
    }
},
{
    "model": "auth.permission",
    "pk": 54,
    "fields": {
        "name": "Can change country",
        "content_type": 14,
        "codename": "change_country"
    }
},
{
    "model": "auth.permission",
    "pk": 55,
    "fields": {
        "name": "Can delete country",
        "content_type": 14,
        "codename": "delete_country"
    }
},
{
    "model": "auth.permission",
    "pk": 56,
    "fields": {
        "name": "Can view country",
        "content_type": 14,
        "codename": "view_country"
    }
},
{
    "model": "auth.permission",
    "pk": 57,
    "fields": {
        "name": "Can add ordered product",
        "content_type": 15,
        "codename": "add_orderedproduct"
    }
},
{
    "model": "auth.permission",
    "pk": 58,
    "fields": {
        "name": "Can change ordered product",
        "content_type": 15,
        "codename": "change_orderedproduct"
    }
},
{
    "model": "auth.permission",
    "pk": 59,
    "fields": {
        "name": "Can delete ordered product",
        "content_type": 15,
        "codename": "delete_orderedproduct"
    }
},
{
    "model": "auth.permission",
    "pk": 60,
    "fields": {
        "name": "Can view ordered product",
        "content_type": 15,
        "codename": "view_orderedproduct"
    }
},
{
    "model": "auth.permission",
    "pk": 61,
    "fields": {
        "name": "Can add orders",
        "content_type": 16,
        "codename": "add_orders"
    }
},
{
    "model": "auth.permission",
    "pk": 62,
    "fields": {
        "name": "Can change orders",
        "content_type": 16,
        "codename": "change_orders"
    }
},
{
    "model": "auth.permission",
    "pk": 63,
    "fields": {
        "name": "Can delete orders",
        "content_type": 16,
        "codename": "delete_orders"
    }
},
{
    "model": "auth.permission",
    "pk": 64,
    "fields": {
        "name": "Can view orders",
        "content_type": 16,
        "codename": "view_orders"
    }
},
{
    "model": "auth.permission",
    "pk": 65,
    "fields": {
        "name": "Can add shipping details",
        "content_type": 17,
        "codename": "add_shippingdetails"
    }
},
{
    "model": "auth.permission",
    "pk": 66,
    "fields": {
        "name": "Can change shipping details",
        "content_type": 17,
        "codename": "change_shippingdetails"
    }
},
{
    "model": "auth.permission",
    "pk": 67,
    "fields": {
        "name": "Can delete shipping details",
        "content_type": 17,
        "codename": "delete_shippingdetails"
    }
},
{
    "model": "auth.permission",
    "pk": 68,
    "fields": {
        "name": "Can view shipping details",
        "content_type": 17,
        "codename": "view_shippingdetails"
    }
},
{
    "model": "auth.permission",
    "pk": 69,
    "fields": {
        "name": "Can add testimonial",
        "content_type": 18,
        "codename": "add_testimonial"
    }
},
{
    "model": "auth.permission",
    "pk": 70,
    "fields": {
        "name": "Can change testimonial",
        "content_type": 18,
        "codename": "change_testimonial"
    }
},
{
    "model": "auth.permission",
    "pk": 71,
    "fields": {
        "name": "Can delete testimonial",
        "content_type": 18,
        "codename": "delete_testimonial"
    }
},
{
    "model": "auth.permission",
    "pk": 72,
    "fields": {
        "name": "Can view testimonial",
        "content_type": 18,
        "codename": "view_testimonial"
    }
},
{
    "model": "auth.permission",
    "pk": 73,
    "fields": {
        "name": "Can add contact message",
        "content_type": 19,
        "codename": "add_contactmessage"
    }
},
{
    "model": "auth.permission",
    "pk": 74,
    "fields": {
        "name": "Can change contact message",
        "content_type": 19,
        "codename": "change_contactmessage"
    }
},
{
    "model": "auth.permission",
    "pk": 75,
    "fields": {
        "name": "Can delete contact message",
        "content_type": 19,
        "codename": "delete_contactmessage"
    }
},
{
    "model": "auth.permission",
    "pk": 76,
    "fields": {
        "name": "Can view contact message",
        "content_type": 19,
        "codename": "view_contactmessage"
    }
},
{
    "model": "auth.group",
    "pk": 1,
    "fields": {
        "name": "manager",
        "permissions": [
            61,
            62,
            63,
            64,
            45,
            46,
            47,
            48
        ]
    }
},
{
    "model": "contenttypes.contenttype",
    "pk": 1,
    "fields": {
        "app_label": "admin",
        "model": "logentry"
    }
},
{
    "model": "contenttypes.contenttype",
    "pk": 2,
    "fields": {
        "app_label": "auth",
        "model": "permission"
    }
},
{
    "model": "contenttypes.contenttype",
    "pk": 3,
    "fields": {
        "app_label": "auth",
        "model": "group"
    }
},
{
    "model": "contenttypes.contenttype",
    "pk": 4,
    "fields": {
        "app_label": "contenttypes",
        "model": "contenttype"
    }
},
{
    "model": "contenttypes.contenttype",
    "pk": 5,
    "fields": {
        "app_label": "sessions",
        "model": "session"
    }
},
{
    "model": "contenttypes.contenttype",
    "pk": 6,
    "fields": {
        "app_label": "main",
        "model": "category"
    }
},
{
    "model": "contenttypes.contenttype",
    "pk": 7,
    "fields": {
        "app_label": "main",
        "model": "product"
    }
},
{
    "model": "contenttypes.contenttype",
    "pk": 8,
    "fields": {
        "app_label": "main",
        "model": "footerinfo"
    }
},
{
    "model": "contenttypes.contenttype",
    "pk": 9,
    "fields": {
        "app_label": "main",
        "model": "feedback"
    }
},
{
    "model": "contenttypes.contenttype",
    "pk": 10,
    "fields": {
        "app_label": "account",
        "model": "customuser"
    }
},
{
    "model": "contenttypes.contenttype",
    "pk": 11,
    "fields": {
        "app_label": "cart",
        "model": "chosenproduct"
    }
},
{
    "model": "contenttypes.contenttype",
    "pk": 12,
    "fields": {
        "app_label": "cart",
        "model": "testimonial"
    }
},
{
    "model": "contenttypes.contenttype",
    "pk": 13,
    "fields": {
        "app_label": "main",
        "model": "testimonial"
    }
},
{
    "model": "contenttypes.contenttype",
    "pk": 14,
    "fields": {
        "app_label": "account",
        "model": "country"
    }
},
{
    "model": "contenttypes.contenttype",
    "pk": 15,
    "fields": {
        "app_label": "cart",
        "model": "orderedproduct"
    }
},
{
    "model": "contenttypes.contenttype",
    "pk": 16,
    "fields": {
        "app_label": "cart",
        "model": "orders"
    }
},
{
    "model": "contenttypes.contenttype",
    "pk": 17,
    "fields": {
        "app_label": "account",
        "model": "shippingdetails"
    }
},
{
    "model": "contenttypes.contenttype",
    "pk": 18,
    "fields": {
        "app_label": "testimonial",
        "model": "testimonial"
    }
},
{
    "model": "contenttypes.contenttype",
    "pk": 19,
    "fields": {
        "app_label": "main",
        "model": "contactmessage"
    }
},
{
    "model": "sessions.session",
    "pk": "kbkg1kwzhzau0399mmsvy7669cbr4w85",
    "fields": {
        "session_data": ".eJxVjEEOwiAQRe_C2hBgoExduu8ZyMCgVA0kpV0Z765NutDtf-_9lwi0rSVsPS9hZnEWIE6_W6T0yHUHfKd6azK1ui5zlLsiD9rl1Dg_L4f7d1Col289KEDvnAUYHeGVhhHAkUWbokak7B0bA5hNVGC89ilHpZXTzJDAsBfvD6pONqs:1txrKQ:nenmdFfIcULYelyu1PJYF_iM5RjwIWMyq09-v6RJ748",
        "expire_date": "2025-04-10T17:47:42.258Z"
    }
},
{
    "model": "sessions.session",
    "pk": "sk8xkt8riuq4veq2x5yz8ps9ozygvp2l",
    "fields": {
        "session_data": ".eJxVjDEOwjAMRe-SGUWKE-qEkZ0zRHZsSAGlUtNOiLtDpQ6w_vfef5lM61Lz2nXOo5iTcebwuzGVh7YNyJ3abbJlass8st0Uu9NuL5Po87y7fweVev3WA7sInJATKIMTLYLqEiCrTyFy0SAEQ7yKI0T1wEdNEmIoCj5iNO8P99M4Sw:1txpga:nct1o1QanOR5FcKiDZNnrL2R_hkDlbn1t2kDczWKzps",
        "expire_date": "2025-04-10T16:02:28.866Z"
    }
},
{
    "model": "main.category",
    "pk": 1,
    "fields": {
        "name": "Fruits",
        "photo": "photos/categories/hero-img-1.png",
        "is_visible": true,
        "sort": 0
    }
},
{
    "model": "main.category",
    "pk": 3,
    "fields": {
        "name": "Vegetables",
        "photo": "photos/categories/hero-img-2.jpg",
        "is_visible": true,
        "sort": 0
    }
},
{
    "model": "main.category",
    "pk": 4,
    "fields": {
        "name": "Berries",
        "photo": "photos/categories/fruite-item-2_KuyEWIv.jpg",
        "is_visible": true,
        "sort": 0
    }
},
{
    "model": "main.category",
    "pk": 5,
    "fields": {
        "name": "Bread",
        "photo": "photos/categories/bread-item-1.jpg",
        "is_visible": true,
        "sort": 0
    }
},
{
    "model": "main.product",
    "pk": 1,
    "fields": {
        "name": "Banana",
        "price": 1.0,
        "photo": "images/products/fruite-item-3.jpg",
        "description": "Actually its considered as grass",
        "detailed_description": "Lorem ipsum dolor sit amet, consectetur adipiscing elit. Curabitur quis lorem ac odio viverra tincidunt. Integer euismod, lacus sed condimentum sodales, sapien nisi scelerisque purus, ut vehicula eros mauris vel nisi. Fusce tincidunt nisl vel lacus vehicula, nec interdum ipsum hendrerit.\r\n\r\nSed ut perspiciatis unde omnis iste natus error sit voluptatem accusantium doloremque laudantium, totam rem aperiam, eaque ipsa quae ab illo inventore veritatis et quasi architecto beatae vitae dicta sunt explicabo.",
        "is_bestseller": true,
        "rating": 4,
        "category": 1,
        "is_visible": true,
        "sort": 0
    }
},
{
    "model": "main.product",
    "pk": 2,
    "fields": {
        "name": "Apple",
        "price": 1.0,
        "photo": "images/products/fruite-item-6_8qMY6Zx.jpg",
        "description": "First in the alphabet",
        "detailed_description": "Lorem ipsum dolor sit amet, consectetur adipiscing elit. Curabitur quis lorem ac odio viverra tincidunt. Integer euismod, lacus sed condimentum sodales, sapien nisi scelerisque purus, ut vehicula eros mauris vel nisi. Fusce tincidunt nisl vel lacus vehicula, nec interdum ipsum hendrerit.\r\n\r\nSed ut perspiciatis unde omnis iste natus error sit voluptatem accusantium doloremque laudantium, totam rem aperiam, eaque ipsa quae ab illo inventore veritatis et quasi architecto beatae vitae dicta sunt explicabo.",
        "is_bestseller": true,
        "rating": 5,
        "category": 1,
        "is_visible": true,
        "sort": 0
    }
},
{
    "model": "main.product",
    "pk": 3,
    "fields": {
        "name": "Orange",
        "price": 1.0,
        "photo": "images/products/fruite-item-1_SXHucUb.jpg",
        "description": "It's a color and a fruit...",
        "detailed_description": "Lorem ipsum dolor sit amet, consectetur adipiscing elit. Curabitur quis lorem ac odio viverra tincidunt. Integer euismod, lacus sed condimentum sodales, sapien nisi scelerisque purus, ut vehicula eros mauris vel nisi. Fusce tincidunt nisl vel lacus vehicula, nec interdum ipsum hendrerit.\r\n\r\nSed ut perspiciatis unde omnis iste natus error sit voluptatem accusantium doloremque laudantium, totam rem aperiam, eaque ipsa quae ab illo inventore veritatis et quasi architecto beatae vitae dicta sunt explicabo.",
        "is_bestseller": true,
        "rating": 5,
        "category": 1,
        "is_visible": true,
        "sort": 0
    }
},
{
    "model": "main.product",
    "pk": 4,
    "fields": {
        "name": "Tomato",
        "price": 1.0,
        "photo": "images/products/vegetable-item-1_G2z8rjM.jpg",
        "description": "desc",
        "detailed_description": "Lorem ipsum dolor sit amet, consectetur adipiscing elit. Curabitur quis lorem ac odio viverra tincidunt. Integer euismod, lacus sed condimentum sodales, sapien nisi scelerisque purus, ut vehicula eros mauris vel nisi. Fusce tincidunt nisl vel lacus vehicula, nec interdum ipsum hendrerit.\r\n\r\nSed ut perspiciatis unde omnis iste natus error sit voluptatem accusantium doloremque laudantium, totam rem aperiam, eaque ipsa quae ab illo inventore veritatis et quasi architecto beatae vitae dicta sunt explicabo.",
        "is_bestseller": true,
        "rating": 5,
        "category": 3,
        "is_visible": true,
        "sort": 0
    }
},
{
    "model": "main.product",
    "pk": 5,
    "fields": {
        "name": "Cabbage",
        "price": 1.0,
        "photo": "images/products/vegetable-item-6_jgDgP6i.jpg",
        "description": "desc",
        "detailed_description": "Lorem ipsum dolor sit amet, consectetur adipiscing elit. Curabitur quis lorem ac odio viverra tincidunt. Integer euismod, lacus sed condimentum sodales, sapien nisi scelerisque purus, ut vehicula eros mauris vel nisi. Fusce tincidunt nisl vel lacus vehicula, nec interdum ipsum hendrerit.\r\n\r\nSed ut perspiciatis unde omnis iste natus error sit voluptatem accusantium doloremque laudantium, totam rem aperiam, eaque ipsa quae ab illo inventore veritatis et quasi architecto beatae vitae dicta sunt explicabo.",
        "is_bestseller": true,
        "rating": 5,
        "category": 3,
        "is_visible": true,
        "sort": 0
    }
},
{
    "model": "main.product",
    "pk": 6,
    "fields": {
        "name": "Potato",
        "price": 1.0,
        "photo": "images/products/vegetable-item-5_3PTViiF.jpg",
        "description": "desc",
        "detailed_description": "Lorem ipsum dolor sit amet, consectetur adipiscing elit. Curabitur quis lorem ac odio viverra tincidunt. Integer euismod, lacus sed condimentum sodales, sapien nisi scelerisque purus, ut vehicula eros mauris vel nisi. Fusce tincidunt nisl vel lacus vehicula, nec interdum ipsum hendrerit.\r\n\r\nSed ut perspiciatis unde omnis iste natus error sit voluptatem accusantium doloremque laudantium, totam rem aperiam, eaque ipsa quae ab illo inventore veritatis et quasi architecto beatae vitae dicta sunt explicabo.",
        "is_bestseller": true,
        "rating": 5,
        "category": 3,
        "is_visible": true,
        "sort": 0
    }
},
{
    "model": "main.product",
    "pk": 7,
    "fields": {
        "name": "Red Pfeffer",
        "price": 1.0,
        "photo": "images/products/vegetable-item-1_NyZbnqc.jpg",
        "description": "desc",
        "detailed_description": "Lorem ipsum dolor sit amet, consectetur adipiscing elit. Curabitur quis lorem ac odio viverra tincidunt. Integer euismod, lacus sed condimentum sodales, sapien nisi scelerisque purus, ut vehicula eros mauris vel nisi. Fusce tincidunt nisl vel lacus vehicula, nec interdum ipsum hendrerit.\r\n\r\nSed ut perspiciatis unde omnis iste natus error sit voluptatem accusantium doloremque laudantium, totam rem aperiam, eaque ipsa quae ab illo inventore veritatis et quasi architecto beatae vitae dicta sunt explicabo.",
        "is_bestseller": true,
        "rating": 5,
        "category": 3,
        "is_visible": true,
        "sort": 0
    }
},
{
    "model": "main.product",
    "pk": 8,
    "fields": {
        "name": "Broccoli",
        "price": 1.0,
        "photo": "images/products/vegetable-item-2_Mdo6eLP.jpg",
        "description": "desc",
        "detailed_description": "Lorem ipsum dolor sit amet, consectetur adipiscing elit. Curabitur quis lorem ac odio viverra tincidunt. Integer euismod, lacus sed condimentum sodales, sapien nisi scelerisque purus, ut vehicula eros mauris vel nisi. Fusce tincidunt nisl vel lacus vehicula, nec interdum ipsum hendrerit.\r\n\r\nSed ut perspiciatis unde omnis iste natus error sit voluptatem accusantium doloremque laudantium, totam rem aperiam, eaque ipsa quae ab illo inventore veritatis et quasi architecto beatae vitae dicta sunt explicabo.",
        "is_bestseller": true,
        "rating": 5,
        "category": 3,
        "is_visible": true,
        "sort": 0
    }
},
{
    "model": "main.product",
    "pk": 9,
    "fields": {
        "name": "Strawberry",
        "price": 2.0,
        "photo": "images/products/fruite-item-2_KuyEWIv.jpg",
        "description": "it's not",
        "detailed_description": "Lorem ipsum dolor sit amet, consectetur adipiscing elit. Curabitur quis lorem ac odio viverra tincidunt. Integer euismod, lacus sed condimentum sodales, sapien nisi scelerisque purus, ut vehicula eros mauris vel nisi. Fusce tincidunt nisl vel lacus vehicula, nec interdum ipsum hendrerit.\r\n\r\nSed ut perspiciatis unde omnis iste natus error sit voluptatem accusantium doloremque laudantium, totam rem aperiam, eaque ipsa quae ab illo inventore veritatis et quasi architecto beatae vitae dicta sunt explicabo.",
        "is_bestseller": true,
        "rating": 5,
        "category": 4,
        "is_visible": true,
        "sort": 0
    }
},
{
    "model": "main.product",
    "pk": 10,
    "fields": {
        "name": "White Bread",
        "price": 2.0,
        "photo": "images/products/bread-item-1.jpg",
        "description": "Tasty but not so healthy",
        "detailed_description": "Lorem ipsum dolor sit amet, consectetur adipiscing elit. Curabitur quis lorem ac odio viverra tincidunt. Integer euismod, lacus sed condimentum sodales, sapien nisi scelerisque purus, ut vehicula eros mauris vel nisi. Fusce tincidunt nisl vel lacus vehicula, nec interdum ipsum hendrerit.\r\n\r\nSed ut perspiciatis unde omnis iste natus error sit voluptatem accusantium doloremque laudantium, totam rem aperiam, eaque ipsa quae ab illo inventore veritatis et quasi architecto beatae vitae dicta sunt explicabo.",
        "is_bestseller": true,
        "rating": 5,
        "category": 5,
        "is_visible": true,
        "sort": 0
    }
},
{
    "model": "main.footerinfo",
    "pk": 1,
    "fields": {
        "phone": "015172605103",
        "email": "nikolatarasenk@gmail.com",
        "address": "Behrenstr. 40/41",
        "like_info": "<p>Users like us because...</p>",
        "like_info_more": "contact",
        "about_us": "contact",
        "contact_us": "contact",
        "privacy_policy": "contact",
        "terms_and_conditions": "contact",
        "return_policy": "contact",
        "faqs_and_help": "contact",
        "account": "account_settings",
        "shop_details": "shop_detail",
        "shopping_cart": "cart",
        "order_history": "orders"
    }
},
{
    "model": "main.contactmessage",
    "pk": 1,
    "fields": {
        "name": "nickcrut",
        "email": "hunqry9300@gmail.com",
        "message": "sndjonksd",
        "created_at": "2025-03-27T15:46:23.667Z",
        "updated_at": "2025-03-27T15:46:23.737Z"
    }
},
{
    "model": "main.contactmessage",
    "pk": 2,
    "fields": {
        "name": "nickcrut",
        "email": "hunqry9300@gmail.com",
        "message": "sndjonksd",
        "created_at": "2025-03-27T15:47:30.230Z",
        "updated_at": "2025-03-27T15:47:30.321Z"
    }
},
{
    "model": "cart.orderedproduct",
    "pk": 2,
    "fields": {
        "order": 2,
        "product": 1,
        "amount": 1,
        "price_at_order": "1.00"
    }
},
{
    "model": "cart.orderedproduct",
    "pk": 3,
    "fields": {
        "order": 3,
        "product": 1,
        "amount": 1,
        "price_at_order": "1.00"
    }
},
{
    "model": "cart.orderedproduct",
    "pk": 4,
    "fields": {
        "order": 4,
        "product": 3,
        "amount": 1,
        "price_at_order": "1.00"
    }
},
{
    "model": "cart.orderedproduct",
    "pk": 5,
    "fields": {
        "order": 5,
        "product": 3,
        "amount": 2,
        "price_at_order": "1.00"
    }
},
{
    "model": "cart.orderedproduct",
    "pk": 6,
    "fields": {
        "order": 5,
        "product": 6,
        "amount": 1,
        "price_at_order": "1.00"
    }
},
{
    "model": "cart.orderedproduct",
    "pk": 7,
    "fields": {
        "order": 5,
        "product": 2,
        "amount": 5,
        "price_at_order": "1.00"
    }
},
{
    "model": "cart.orderedproduct",
    "pk": 8,
    "fields": {
        "order": 5,
        "product": 8,
        "amount": 2,
        "price_at_order": "1.00"
    }
},
{
    "model": "cart.orderedproduct",
    "pk": 9,
    "fields": {
        "order": 5,
        "product": 9,
        "amount": 1,
        "price_at_order": "2.00"
    }
},
{
    "model": "cart.orderedproduct",
    "pk": 10,
    "fields": {
        "order": 6,
        "product": 1,
        "amount": 1,
        "price_at_order": "1.00"
    }
},
{
    "model": "cart.orderedproduct",
    "pk": 11,
    "fields": {
        "order": 6,
        "product": 7,
        "amount": 1,
        "price_at_order": "1.00"
    }
},
{
    "model": "cart.orderedproduct",
    "pk": 12,
    "fields": {
        "order": 7,
        "product": 1,
        "amount": 6,
        "price_at_order": "1.00"
    }
},
{
    "model": "cart.orderedproduct",
    "pk": 13,
    "fields": {
        "order": 7,
        "product": 3,
        "amount": 7,
        "price_at_order": "1.00"
    }
},
{
    "model": "cart.orderedproduct",
    "pk": 14,
    "fields": {
        "order": 7,
        "product": 7,
        "amount": 1,
        "price_at_order": "1.00"
    }
},
{
    "model": "cart.orders",
    "pk": 2,
    "fields": {
        "user": 2,
        "shipping_details": 2,
        "created_at": "2025-03-18T11:04:57.676Z",
        "accepted": true,
        "ordered_products": [
            2
        ]
    }
},
{
    "model": "cart.orders",
    "pk": 3,
    "fields": {
        "user": 2,
        "shipping_details": 3,
        "created_at": "2025-03-18T11:06:14.193Z",
        "accepted": false,
        "ordered_products": [
            3
        ]
    }
},
{
    "model": "cart.orders",
    "pk": 4,
    "fields": {
        "user": 2,
        "shipping_details": 4,
        "created_at": "2025-03-18T11:07:47.213Z",
        "accepted": false,
        "ordered_products": [
            4
        ]
    }
},
{
    "model": "cart.orders",
    "pk": 5,
    "fields": {
        "user": 1,
        "shipping_details": 5,
        "created_at": "2025-03-19T11:38:55.246Z",
        "accepted": false,
        "ordered_products": [
            5,
            6,
            7,
            8,
            9
        ]
    }
},
{
    "model": "cart.orders",
    "pk": 6,
    "fields": {
        "user": 1,
        "shipping_details": 6,
        "created_at": "2025-03-25T10:45:58.137Z",
        "accepted": false,
        "ordered_products": [
            10,
            11
        ]
    }
},
{
    "model": "cart.orders",
    "pk": 7,
    "fields": {
        "user": 1,
        "shipping_details": 9,
        "created_at": "2025-03-27T15:54:55.413Z",
        "accepted": false,
        "ordered_products": [
            12,
            13,
            14
        ]
    }
},
{
    "model": "account.customuser",
    "pk": 1,
    "fields": {
        "password": "pbkdf2_sha256$870000$Nu5O7e3TqprqJpxzFZMd3N$O8BWb43ZoqE5SCDWXKWtrQ4vAUDmAcHKc5sZg4PoJB4=",
        "last_login": "2025-03-27T16:07:39.178Z",
        "is_superuser": true,
        "email": "hunqry9300@gmail.com",
        "is_staff": true,
        "is_active": true,
        "date_joined": "2025-03-11T20:10:07.665Z",
        "username": "nickcrut",
        "first_name": "Svetlana",
        "last_name": "Rudenk",
        "user_email": "hunqry9300@gmail.com",
        "mobile_number": "015172605103",
        "postcode": "38442",
        "country": "Германия",
        "town": "Wolfsburg",
        "street_and_house": "Ganter 7",
        "groups": [],
        "user_permissions": []
    }
},
{
    "model": "account.customuser",
    "pk": 2,
    "fields": {
        "password": "pbkdf2_sha256$870000$JIi30VqvKuYT9O7mZ4gbUE$Tg2ksgUnU/OAds7zOE+iQGNDMa92tV7T7jLoTy0KZT8=",
        "last_login": "2025-03-19T18:23:53.428Z",
        "is_superuser": false,
        "email": "",
        "is_staff": false,
        "is_active": true,
        "date_joined": "2025-03-16T10:58:17.826Z",
        "username": "newcrut",
        "first_name": "Mykola",
        "last_name": "Tarasenko",
        "user_email": "nikolatarasenk@gmail.com",
        "mobile_number": "015172605103",
        "postcode": "38442",
        "country": "Германия",
        "town": "Wolfsburg",
        "street_and_house": "Behrenstr. 40/41",
        "groups": [],
        "user_permissions": []
    }
},
{
    "model": "account.customuser",
    "pk": 3,
    "fields": {
        "password": "pbkdf2_sha256$870000$mif2MbEHrhhqct68QTNFvG$ugGd9aYccpfES5HbDwVscyLJyVByp3E7bIGsULjneM0=",
        "last_login": "2025-03-27T17:47:42.085Z",
        "is_superuser": false,
        "email": "",
        "is_staff": false,
        "is_active": true,
        "date_joined": "2025-03-19T18:23:22.077Z",
        "username": "new_user",
        "first_name": "first",
        "last_name": "secoond",
        "user_email": "user1@gmail.com",
        "mobile_number": "+20003030300",
        "postcode": "23340",
        "country": "Deutschland",
        "town": "city",
        "street_and_house": "27 Street",
        "groups": [],
        "user_permissions": []
    }
},
{
    "model": "account.shippingdetails",
    "pk": 1,
    "fields": {
        "first_name": "Mykola",
        "last_name": "Tarasenko",
        "user_email": "",
        "mobile_number": "015172605103",
        "postcode": "38442",
        "country": "Германия",
        "town": "Wolfsburg",
        "street_and_house": "Behrenstr. 40/41"
    }
},
{
    "model": "account.shippingdetails",
    "pk": 2,
    "fields": {
        "first_name": "Mykola",
        "last_name": "Tarasenko",
        "user_email": "",
        "mobile_number": "015172605103",
        "postcode": "38442",
        "country": "Германия",
        "town": "Wolfsburg",
        "street_and_house": "Behrenstr. 40/41"
    }
},
{
    "model": "account.shippingdetails",
    "pk": 3,
    "fields": {
        "first_name": "Mykola",
        "last_name": "Tarasenko",
        "user_email": "",
        "mobile_number": "015172605103",
        "postcode": "38442",
        "country": "Германия",
        "town": "Wolfsburg",
        "street_and_house": "Behrenstr. 40/41"
    }
},
{
    "model": "account.shippingdetails",
    "pk": 4,
    "fields": {
        "first_name": "Mykola",
        "last_name": "Tarasenko",
        "user_email": "",
        "mobile_number": "015172605103",
        "postcode": "38442",
        "country": "Германия",
        "town": "Wolfsburg",
        "street_and_house": "Behrenstr. 40/41"
    }
},
{
    "model": "account.shippingdetails",
    "pk": 5,
    "fields": {
        "first_name": "Svetlana",
        "last_name": "Rudenko",
        "user_email": "",
        "mobile_number": "015172605103",
        "postcode": "38442",
        "country": "Германия",
        "town": "Wolfsburg",
        "street_and_house": "Ganterwinkel 18"
    }
},
{
    "model": "account.shippingdetails",
    "pk": 6,
    "fields": {
        "first_name": "Svetlana",
        "last_name": "Rudenko",
        "user_email": "",
        "mobile_number": "015172605103",
        "postcode": "38442",
        "country": "Германия",
        "town": "Wolfsburg",
        "street_and_house": "Ganterwinkel 18"
    }
},
{
    "model": "account.shippingdetails",
    "pk": 7,
    "fields": {
        "first_name": "Svetlana",
        "last_name": "Rudenko",
        "user_email": "",
        "mobile_number": "015172605103",
        "postcode": "38442",
        "country": "Германия",
        "town": "Wolfsburg",
        "street_and_house": "Ganterwinkel 18"
    }
},
{
    "model": "account.shippingdetails",
    "pk": 8,
    "fields": {
        "first_name": "Svetlana",
        "last_name": "Rudenko",
        "user_email": "",
        "mobile_number": "015172605103",
        "postcode": "38442",
        "country": "Германия",
        "town": "Wolfsburg",
        "street_and_house": "Ganterwinkel 18"
    }
},
{
    "model": "account.shippingdetails",
    "pk": 9,
    "fields": {
        "first_name": "Svetlana",
        "last_name": "Rudenko",
        "user_email": "",
        "mobile_number": "015172605103",
        "postcode": "38442",
        "country": "Германия",
        "town": "Wolfsburg",
        "street_and_house": "Ganterwinkel 18"
    }
},
{
    "model": "testimonial.testimonial",
    "pk": 2,
    "fields": {
        "name": "Nick",
        "product": 10,
        "rate": 5,
        "comment": "Best product I've ever bought",
        "is_new": true,
        "is_appropriate": true
    }
},
{
    "model": "testimonial.testimonial",
    "pk": 3,
    "fields": {
        "name": "nivk",
        "product": 1,
        "rate": 4,
        "comment": "Good but grassy",
        "is_new": true,
        "is_appropriate": true
    }
}
]
